﻿word,type,spelling,vietnamese,synonyms,example
abide by,v,/ə'baid bai/,tuân theo; tuân thủ,to conform; adhere to; observe,The two parties agreed to abide by the judge's decision.
agreement,n,/ǝ'gri:mǝnt/,hợp đồng; sự thỏa thuận,contract,"According to the agreement, the caterer will also supply the flowers for the event."
assurance,n,/ǝ'ʃuǝrǝns/,sự đảm bảo; chắc chắn,guarantee; confidence,Her seft-assurance made it easy to see why she was in charge of the negotiations.
cancellation,n,"/,kænsǝ'leiʃn/",sự hủy bỏ,annulment; stopping,The cancellation clause appears at the back of the contract.
determine,v,/di'tǝ:min/,quyết định; xác định,to find out; to influence,"After reading the contract, I was still unable to determine if our company was liable for back wages"
establish,v,/is'tæbliʃ/,thiết lập; thành lập,set up; to bring about,The merger of the two companies established a powerful new corporation.
obligate,v,/'ɔbligeit/,bắt buộc; ép buộc,to bind legally or morally,The contractor was obligated by the contract to work 40 hours a week.
provision,n,/pro'viʃn/,điều khoản,a stipulation,The father made provisions for his children through his will.
resolve,v,/ri'zɑ:lv/,giải quyết (+ vấn đề),solve; handle; deal with,The mediator was able to resolve the problem to everyone's satisfaction.
specific,adj,/spi'sifik/,cụ thể; rõ ràng,particular,The customer's specific complaint was not addressed in his e-mail.
