﻿word ,type,spelling,vietnamese,synonyms,example
attract,v,/əˈtrækt/,hấp dẫn; lôi cuốn; thu hút,draw; appeal to,The display attracted a number of people at the convention.
competition,n,/ˌkɑːm.pəˈtɪʃ.ən/,cạnh tranh; thi đấu,contest; struggle,"In the competition for afternoon diners, Hector's has come out on top."
consume,v, /kənˈsuːm/,tiêu thụ; tiêu dùng,to use up; to absorb,The printer consumes more toner than the downstairs printer.
convince,v, /kənˈvɪns/,thuyết phục,persuade,The salesman convinced his customer to buy his entire inventory of pens.
currently,adv, /ˈkɝː.ənt.li/,hiện nay,now,"Currently, customers are demaning big discounts for bulk orders."
inspiration,n, /ˌɪn.spəˈreɪ.ʃən/,việc truyền cảm hứng,a thing or person that arouses a feeling,His work is an inspiration to the marketing department.
market,v, /ˈmɑːr.kɪt/,tiếp thị; mua bán,the course of buying and selling a product,"When Omar first began making his chutneys, he marketed them door-to-door to gourmet shops."
persuasion,n, /pɚˈsweɪ.ʒən/,sự thuyết phục,the power to influence; a deep conviction or belief,The seminar teaches techniques of persuation to increase sales.
productive,adj,/prəˈdʌk.tɪv/,có năng suất; hiệu quả,constructive; high yield,Alonzo is excited about his productive staff.
satisfaction,n, /ˌsæt̬.ɪsˈfæk.ʃən/,sự hài lòng,happiness,We will print the advertisement to your satisfaction.
