﻿word,type,spelling,vietnamese,synonyms,example
characteristic,n, /ˌker.ək.təˈrɪs.tɪk/,đặc điểm,trait,One characteristic of the store is that it is slow in mailing refund checks.
consider,v,/kənˈsɪd.ɚ/,cân nhắc,to think about carelly,"After considering all the options, Della decided to buy a used car."
cover,v,/ˈkʌv.ɚ/,che; phủ; bao gồm,to provide protection against,Will my medial insurance cover this surgery?
expiration,n, /ɪkˈspaɪr/,hết hạn,the end,Have you checked the expiration date on this yogurt?
frequently,adv, /ˈfriː.kwənt.li/,thường xuyên,occurring commonly; widespread,Appliances frequently come with a one-year warranty.
imply,v,/ɪmˈplaɪ/,chỉ rõ; đề cập; nhắc đến,indicate; infer; mention,The guarantee on the Walkman implied that all damages were covered under warranty for one year.
promise,v,/ˈprɑː.mɪs/,hứa hẹn,to pledge to do,The sales associate promised that our new mattress would arrive by noon on Saturday.
protect,v,/prəˈtekt/,bảo vệ,to guard,You can protect yourself from scams by getting detailed information on the seller.
reputation,n, /ˌrep.jəˈteɪ.ʃən/,danh tiếng,the overall quality of character,The company knew that the reputation of its products was the most important asset it had.
require,v,/rɪˈkwaɪr/,yêu cầu,to deem necessary or essential,The law requires that each item clearly display the warranty information.
variety,n, /vəˈraɪ.ə.t̬i/,đa dạng,many different kinds,There's a variety of standard terms that you'll find in warranties.
